{
    "0.0": {
        "precision": 0.0,
        "recall": 0.0,
        "f1-score": 0.0,
        "support": 41.0
    },
    "1.0": {
        "precision": 0.0,
        "recall": 0.0,
        "f1-score": 0.0,
        "support": 61.0
    },
    "2.0": {
        "precision": 0.43333333333333335,
        "recall": 1.0,
        "f1-score": 0.6046511627906976,
        "support": 78.0
    },
    "accuracy": 0.43333333333333335,
    "macro avg": {
        "precision": 0.14444444444444446,
        "recall": 0.3333333333333333,
        "f1-score": 0.20155038759689922,
        "support": 180.0
    },
    "weighted avg": {
        "precision": 0.1877777777777778,
        "recall": 0.43333333333333335,
        "f1-score": 0.262015503875969,
        "support": 180.0
    }
}